<?xml version="1.0" encoding="UTF-8" standalone="yes"?>
<addon id="repository.a4kstreaming"
       name="a4kStreaming Repository"
       version="1.0.0"
       provider-name="Unknown">
    <extension point="xbmc.addon.repository">
        <info>https://raw.githubusercontent.com/newt-sc/a4kStreaming/master/packages/addons.xml</info>
        <checksum>https://raw.githubusercontent.com/newt-sc/a4kStreaming/master/packages/addons.xml.crc</checksum>
        <datadir>https://github.com/newt-sc/a4kStreaming/archive</datadir>
        <artdir>https://github.com/newt-sc/a4kStreaming/releases/download/v0.1.0</artdir>
    </extension>
    <extension point="xbmc.addon.metadata">
        <summary>a4kStreaming</summary>
        <description>a4kStreaming Repository</description>
        <platform>all</platform>
    </extension>
</addon>
