<?xml version="1.0" encoding="UTF-8" standalone="yes"?>
<addon id="plugin.program.galaxywizard" name="[COLOR aqua]Galaxy Wizard[/COLOR]" version="1.0.3" provider-name="TWMF">
    <requires>
        <import addon="xbmc.python" version="2.1.0" />
        <import addon="script.module.requests" />
        <import addon="script.module.six" />
        <import addon="script.kodi.android.update" optional="true" version="1.1.7" />
    </requires>
    
    <extension point="xbmc.python.pluginsource" library="default.py">
        <provides>executable</provides>
    </extension>
    
    <extension point="xbmc.service" library="startup.py" start="startup" />
    
    <extension point="xbmc.addon.metadata">
        <summary lang="en">[COLOR aqua]Galaxy Wizard[/COLOR]</summary>
        <description lang="en">[COLOR aqua]Galaxy Wizard[/COLOR] allows the installation of Galaxy Build.</description>
        <platform>all</platform>
        <reuselanguageinvoker>false</reuselanguageinvoker>
        <source>https://www.github.com/mrbr1ghts1d3/plugin.program.galaxywizard</source>
        <news>
1.0.3
- Added Icon
1.0.2
- Added source for Galaxy Build
1.0.1
- Removed OpenWizard Branding
1.0.0
- Initial Build (Based on OpenWizard)
        </news>
        <assets>
            <icon>icon.png</icon>
            <fanart>fanart.png</fanart>
        </assets>
    </extension>
</addon>
