<?xml version="1.0" encoding="UTF-8" standalone="yes"?>
<addon id="repository.temptv" name="Temptv Repo" version="0.0.5" provider-name="Tempest">
	<extension point="xbmc.addon.repository" name="Tempest Repo">
        <info compressed="false">https://raw.githubusercontent.com/Tempest0580/temptv/master/zips/addons.xml</info>
	    <checksum>https://raw.githubusercontent.com/Tempest0580/temptv/master/zips/addons.xml.md5</checksum>
	    <datadir zip="true">https://raw.githubusercontent.com/Tempest0580/temptv/master/zips/</datadir>
	</extension>
	<extension point="xbmc.addon.metadata">
		<summary lang="en">kodi addon</summary>
		<description lang="en">Watch Live Tv</description>
		<genre>live tv</genre>
	</extension>
</addon>
